{
  "hosting": {
    "public": "dist/skill-sense-shell/browser",
    "ignore": [
      "firebase.json",
      "**/.*",
      "**/node_modules/**"
    ],
    "rewrites": [
      {
        "source": "**",
        "destination": "/index.html"
      }
    ],
    "headers": [
      {
        "source": "**",
        "headers": [
          {
            "key": "Cache-Control",
            "value": "no-cache, no-store, must-revalidate"
          }
        ]
      },
      {
        "source": "**/*.@(jpg|jpeg|gif|png|svg|webp|js|css|woff|woff2|ttf|eot)",
        "headers": [
          {
            "key": "Cache-Control",
            "value": "max-age=31536000, public, immutable"
          }
        ]
      }
    ]
  }
}
